<Module>
    <Name value="ChangeLeader"/>
    <Id value="ChangeLeader"/>
    <Version value="v0.5.0"/>
    <SingleplayerModule value="true"/>
    <MultiplayerModule value="false"/>
    <DependedModules>
        <DependedModule Id="Bannerlord.Harmony" DependentVersion="v2.2.2" />
        <DependedModule Id="Bannerlord.UIExtenderEx" DependentVersion="v2.4.0" optional="false"/>
        <DependedModule Id="Native" order="LoadBeforeThis" DependentVersion="v1.0.2"/>
    </DependedModules>
    <DependedModuleMetadatas>
        <DependedModuleMetadata id="Bannerlord.Harmony" order="LoadBeforeThis" version="v2.2.2" />
        <DependedModuleMetadata id="Bannerlord.UIExtenderEx" order="LoadBeforeThis" version="v2.4.0" />
    </DependedModuleMetadatas>
    <SubModules>
        <SubModule>
            <Name value="ChangeLeader"/>
            <DLLName value="ChangeLeader.dll"/>
            <SubModuleClassType  value="ChangeLeader.SubModule"/>
            <Tags>
                <Tag key="DedicatedServerType" value="none" />
                <Tag key="IsNoRenderModeElement" value="false" />
            </Tags>
        </SubModule>
    </SubModules>
    <Xmls/>
</Module>